{
    "name": "root",
    "gauges": {
        "CarAI.Policy.Entropy.mean": {
            "value": 0.3339807987213135,
            "min": 0.3151756823062897,
            "max": 0.5636009573936462,
            "count": 340
        },
        "CarAI.Policy.Entropy.sum": {
            "value": 16713.734375,
            "min": 15772.65234375,
            "max": 28204.845703125,
            "count": 340
        },
        "CarAI.Step.mean": {
            "value": 24999960.0,
            "min": 8049944.0,
            "max": 24999960.0,
            "count": 340
        },
        "CarAI.Step.sum": {
            "value": 24999960.0,
            "min": 8049944.0,
            "max": 24999960.0,
            "count": 340
        },
        "CarAI.Policy.ExtrinsicValueEstimate.mean": {
            "value": 1.350816249847412,
            "min": -2.2681291103363037,
            "max": 1.871978998184204,
            "count": 340
        },
        "CarAI.Policy.ExtrinsicValueEstimate.sum": {
            "value": 1057.6890869140625,
            "min": -1775.945068359375,
            "max": 1465.759521484375,
            "count": 340
        },
        "CarAI.Policy.GailValueEstimate.mean": {
            "value": 5.69150972366333,
            "min": 4.1187663078308105,
            "max": 6.094611644744873,
            "count": 340
        },
        "CarAI.Policy.GailValueEstimate.sum": {
            "value": 4456.4521484375,
            "min": 3102.504638671875,
            "max": 4772.0810546875,
            "count": 340
        },
        "CarAI.Losses.PolicyLoss.mean": {
            "value": 0.051823687171374214,
            "min": 0.044869892918996936,
            "max": 0.053644418184161824,
            "count": 340
        },
        "CarAI.Losses.PolicyLoss.sum": {
            "value": 0.25911843585687105,
            "min": 0.1495947077740703,
            "max": 0.2672211102655771,
            "count": 340
        },
        "CarAI.Losses.ValueLoss.mean": {
            "value": 0.3410828906963996,
            "min": 0.1860920874153574,
            "max": 0.6782734398915606,
            "count": 340
        },
        "CarAI.Losses.ValueLoss.sum": {
            "value": 1.705414453481998,
            "min": 0.7071137442124811,
            "max": 3.0990556741390773,
            "count": 340
        },
        "CarAI.Policy.LearningRate.mean": {
            "value": 9.134789651199966e-09,
            "min": 9.134789651199966e-09,
            "max": 6.788092919392002e-06,
            "count": 340
        },
        "CarAI.Policy.LearningRate.sum": {
            "value": 4.567394825599983e-08,
            "min": 4.567394825599983e-08,
            "max": 3.385674063420801e-05,
            "count": 340
        },
        "CarAI.Policy.Epsilon.mean": {
            "value": 0.10009034879999998,
            "min": 0.10009034879999998,
            "max": 0.16788060800000004,
            "count": 340
        },
        "CarAI.Policy.Epsilon.sum": {
            "value": 0.5004517439999999,
            "min": 0.40278988799999993,
            "max": 0.838565792,
            "count": 340
        },
        "CarAI.Policy.Beta.mean": {
            "value": 1.044270912e-05,
            "min": 1.044270912e-05,
            "max": 0.0003426149792,
            "count": 340
        },
        "CarAI.Policy.Beta.sum": {
            "value": 5.22135456e-05,
            "min": 5.22135456e-05,
            "max": 0.0017089723808000005,
            "count": 340
        },
        "CarAI.Policy.GAILPolicyEstimate.mean": {
            "value": 0.07799918114836138,
            "min": 0.0658198849982544,
            "max": 0.08440964285784014,
            "count": 340
        },
        "CarAI.Policy.GAILPolicyEstimate.sum": {
            "value": 0.3899959057418069,
            "min": 0.21086074224165907,
            "max": 0.4220482142892007,
            "count": 340
        },
        "CarAI.Policy.GAILExpertEstimate.mean": {
            "value": 0.9217025306433196,
            "min": 0.9149764166275661,
            "max": 0.9331621296703816,
            "count": 340
        },
        "CarAI.Policy.GAILExpertEstimate.sum": {
            "value": 4.608512653216598,
            "min": 2.7855835103770583,
            "max": 4.665284092397224,
            "count": 340
        },
        "CarAI.Losses.GAILLoss.mean": {
            "value": 0.21968609470116895,
            "min": 0.1852023387948672,
            "max": 0.24148575253784657,
            "count": 340
        },
        "CarAI.Losses.GAILLoss.sum": {
            "value": 1.0984304735058448,
            "min": 0.5942886190170922,
            "max": 1.2074287626892328,
            "count": 340
        },
        "CarAI.Policy.GAILGradMagLoss.mean": {
            "value": 0.0012918147880276874,
            "min": 0.0010321758865514616,
            "max": 0.003472361585905984,
            "count": 340
        },
        "CarAI.Policy.GAILGradMagLoss.sum": {
            "value": 0.006459073940138438,
            "min": 0.004612740288078984,
            "max": 0.014468255197851514,
            "count": 340
        },
        "CarAI.Losses.PretrainingLoss.mean": {
            "value": 0.19342803376159448,
            "min": 0.19342803376159448,
            "max": 0.2087911400815536,
            "count": 340
        },
        "CarAI.Losses.PretrainingLoss.sum": {
            "value": 0.9671401688079724,
            "min": 0.6263734202446608,
            "max": 1.0438171739893398,
            "count": 340
        },
        "CarAI.Environment.EpisodeLength.mean": {
            "value": 2999.0,
            "min": 2999.0,
            "max": 2999.0,
            "count": 340
        },
        "CarAI.Environment.EpisodeLength.sum": {
            "value": 47984.0,
            "min": 35988.0,
            "max": 59980.0,
            "count": 340
        },
        "CarAI.Environment.CumulativeReward.mean": {
            "value": 71.53749984782189,
            "min": -151.76251140236855,
            "max": 113.4375,
            "count": 340
        },
        "CarAI.Environment.CumulativeReward.sum": {
            "value": 1144.5999975651503,
            "min": -2428.2001824378967,
            "max": 2132.2999982833862,
            "count": 340
        },
        "CarAI.Policy.ExtrinsicReward.mean": {
            "value": 35.768749923910946,
            "min": -75.88125570118427,
            "max": 56.71875,
            "count": 340
        },
        "CarAI.Policy.ExtrinsicReward.sum": {
            "value": 572.2999987825751,
            "min": -1214.1000912189484,
            "max": 1066.1499991416931,
            "count": 340
        },
        "CarAI.Policy.GailReward.mean": {
            "value": 154.6733309958342,
            "min": 121.15691387501471,
            "max": 200.13894672021263,
            "count": 340
        },
        "CarAI.Policy.GailReward.sum": {
            "value": 2474.773295933347,
            "min": 1782.0619348448245,
            "max": 3647.429206546796,
            "count": 340
        },
        "CarAI.IsTraining.mean": {
            "value": 1.0,
            "min": 1.0,
            "max": 1.0,
            "count": 340
        },
        "CarAI.IsTraining.sum": {
            "value": 1.0,
            "min": 1.0,
            "max": 1.0,
            "count": 340
        }
    },
    "metadata": {
        "timer_format_version": "0.1.0",
        "start_time_seconds": "1691793355",
        "python_version": "3.9.13 (tags/v3.9.13:6de2ca5, May 17 2022, 16:36:42) [MSC v.1929 64 bit (AMD64)]",
        "command_line_arguments": "D:\\Unity Projects\\Xtreme Racing\\venv3\\Scripts\\mlagents-learn CarAI.yaml --run-id=CAR_SIMPLE_WITH_OBSTACLE_AND_SPEEDBREAKERS_AND_TRACK_EDGE_SPEED_REDUCTION_TRAINING_2 --time-scale=1 --resume",
        "mlagents_version": "0.30.0",
        "mlagents_envs_version": "0.30.0",
        "communication_protocol_version": "1.5.0",
        "pytorch_version": "1.7.1+cu110",