{
    "name": "root",
    "gauges": {
        "CarAI.Policy.Entropy.mean": {
            "value": 0.48700854182243347,
            "min": 0.4442564845085144,
            "max": 2.06032133102417,
            "count": 200
        },
        "CarAI.Policy.Entropy.sum": {
            "value": 24253.025390625,
            "min": 22203.447265625,
            "max": 103131.4453125,
            "count": 200
        },
        "CarAI.Step.mean": {
            "value": 9999936.0,
            "min": 49984.0,
            "max": 9999936.0,
            "count": 200
        },
        "CarAI.Step.sum": {
            "value": 9999936.0,
            "min": 49984.0,
            "max": 9999936.0,
            "count": 200
        },
        "CarAI.Policy.ExtrinsicValueEstimate.mean": {
            "value": 0.354291170835495,
            "min": -4.993776321411133,
            "max": 1.7923191785812378,
            "count": 200
        },
        "CarAI.Policy.ExtrinsicValueEstimate.sum": {
            "value": 280.24432373046875,
            "min": -3955.07080078125,
            "max": 1417.7244873046875,
            "count": 200
        },
        "CarAI.Policy.GailValueEstimate.mean": {
            "value": 16.258874893188477,
            "min": 2.7893025875091553,
            "max": 21.537067413330078,
            "count": 200
        },
        "CarAI.Policy.GailValueEstimate.sum": {
            "value": 12860.76953125,
            "min": 2206.33837890625,
            "max": 17035.8203125,
            "count": 200
        },
        "CarAI.Environment.EpisodeLength.mean": {
            "value": 2399.0,
            "min": 2399.0,
            "max": 2399.0,
            "count": 200
        },
        "CarAI.Environment.EpisodeLength.sum": {
            "value": 47980.0,
            "min": 47980.0,
            "max": 57576.0,
            "count": 200
        },
        "CarAI.Environment.CumulativeReward.mean": {
            "value": 0.9749964892864227,
            "min": -203.85001290813088,
            "max": 73.65499923527241,
            "count": 200
        },
        "CarAI.Environment.CumulativeReward.sum": {
            "value": 19.499929785728455,
            "min": -4077.0002581626177,
            "max": 1473.0999847054482,
            "count": 200
        },
        "CarAI.Policy.ExtrinsicReward.mean": {
            "value": 0.6824986428022385,
            "min": -142.69500352963806,
            "max": 51.55849870443344,
            "count": 200
        },
        "CarAI.Policy.ExtrinsicReward.sum": {
            "value": 13.64997285604477,
            "min": -2853.900070592761,
            "max": 1031.1699740886688,
            "count": 200
        },
        "CarAI.Policy.GailReward.mean": {
            "value": 394.8576638906175,
            "min": 205.35507736103608,
            "max": 497.52326042717823,
            "count": 200
        },
        "CarAI.Policy.GailReward.sum": {
            "value": 7897.15327781235,
            "min": 4107.101547220722,
            "max": 11296.679292997691,
            "count": 200
        },
        "CarAI.Losses.PolicyLoss.mean": {
            "value": 0.04943838617582692,
            "min": 0.04513182612330032,
            "max": 0.05382908377175529,
            "count": 200
        },
        "CarAI.Losses.PolicyLoss.sum": {
            "value": 0.2471919308791346,
            "min": 0.18052730449320128,
            "max": 0.26914541885877646,
            "count": 200
        },
        "CarAI.Losses.ValueLoss.mean": {
            "value": 2.2110416724526787,
            "min": 0.9956038356820743,
            "max": 3.3920128190929324,
            "count": 200
        },
        "CarAI.Losses.ValueLoss.sum": {
            "value": 11.055208362263393,
            "min": 4.978019178410372,
            "max": 16.960064095464663,
            "count": 200
        },
        "CarAI.Policy.LearningRate.mean": {
            "value": 2.6570135296000013e-08,
            "min": 2.6570135296000013e-08,
            "max": 9.974080259200002e-06,
            "count": 200
        },
        "CarAI.Policy.LearningRate.sum": {
            "value": 1.3285067648000006e-07,
            "min": 1.3285067648000006e-07,
            "max": 4.963712362880001e-05,
            "count": 200
        },
        "CarAI.Policy.Epsilon.mean": {
            "value": 0.10026470400000002,
            "min": 0.10026470400000002,
            "max": 0.19974080000000002,
            "count": 200
        },
        "CarAI.Policy.Epsilon.sum": {
            "value": 0.5013235200000001,
            "min": 0.40499968,
            "max": 0.9963711999999999,
            "count": 200
        },
        "CarAI.Policy.Beta.mean": {
            "value": 1.12970496e-05,
            "min": 1.12970496e-05,
            "max": 0.0004987299200000001,
            "count": 200
        },
        "CarAI.Policy.Beta.sum": {
            "value": 5.6485248000000004e-05,
            "min": 5.6485248000000004e-05,
            "max": 0.0024822188799999995,
            "count": 200
        },
        "CarAI.Policy.GAILPolicyEstimate.mean": {
            "value": 0.35390364065645186,
            "min": 0.14617685413608947,
            "max": 0.4463295793160796,
            "count": 200
        },
        "CarAI.Policy.GAILPolicyEstimate.sum": {
            "value": 1.7695182032822594,
            "min": 0.6727475083788962,
            "max": 2.06513934408625,
            "count": 200
        },
        "CarAI.Policy.GAILExpertEstimate.mean": {
            "value": 0.648400042226644,
            "min": 0.5634951527540882,
            "max": 0.8406769219040869,
            "count": 200
        },
        "CarAI.Policy.GAILExpertEstimate.sum": {
            "value": 3.2420002111332202,
            "min": 2.253980611016353,
            "max": 4.203384609520435,
            "count": 200
        },
        "CarAI.Losses.GAILLoss.mean": {
            "value": 1.0062856777387905,
            "min": 0.4250816949705283,
            "max": 1.2225945660223563,
            "count": 200
        },
        "CarAI.Losses.GAILLoss.sum": {
            "value": 5.031428388693953,
            "min": 2.027331194426955,
            "max": 5.798068434000016,
            "count": 200
        },
        "CarAI.Policy.GAILGradMagLoss.mean": {
            "value": 0.007258339893570685,
            "min": 0.004210007860092446,
            "max": 1.274718747497536,
            "count": 200
        },
        "CarAI.Policy.GAILGradMagLoss.sum": {
            "value": 0.036291699467853426,
            "min": 0.017991723725524905,
            "max": 5.098874989990144,
            "count": 200
        },
        "CarAI.Losses.PretrainingLoss.mean": {
            "value": 0.271589809015233,
            "min": 0.271589809015233,
            "max": 0.7849274534051137,
            "count": 200
        },
        "CarAI.Losses.PretrainingLoss.sum": {
            "value": 1.357949045076165,
            "min": 1.087076981541931,
            "max": 3.139709813620455,
            "count": 200
        },
        "CarAI.IsTraining.mean": {
            "value": 1.0,
            "min": 1.0,
            "max": 1.0,
            "count": 200
        },
        "CarAI.IsTraining.sum": {
            "value": 1.0,
            "min": 1.0,
            "max": 1.0,
            "count": 200
        }
    },
    "metadata": {
        "timer_format_version": "0.1.0",
        "start_time_seconds": "1687700914",
        "python_version": "3.9.13 (tags/v3.9.13:6de2ca5, May 17 2022, 16:36:42) [MSC v.1929 64 bit (AMD64)]",
        "command_line_arguments": "D:\\Unity Projects\\Xtreme Racing\\venv3\\Scripts\\mlagents-learn CarAI.yaml --run-id=CAR_AI_TRAINING_SIMPLE_OVAL_TRACK_3 --time-scale=1",
        "mlagents_version": "0.30.0",
        "mlagents_envs_version": "0.30.0",
        "communication_protocol_version": "1.5.0",
        "pytorch_version": "1.7.1+cu110",
        "numpy_version": "1.21.2",