{"count":1,"self":890.8044288,"total":7534.2405581999992,"children":{"InitializeActuators":{"count":4,"self":0.0010275,"total":0.0010275,"children":null},"InitializeSensors":{"count":4,"self":0.0020123,"total":0.0020123,"children":null},"AgentSendState":{"count":249999,"self":49.0423936,"total":79.5082194,"children":{"CollectObservations":{"count":999996,"self":13.895004799999999,"total":13.8950056,"children":null},"WriteActionMask":{"count":999996,"self":1.0792868,"total":1.0792868,"children":null},"RequestDecision":{"count":999996,"self":3.1671896,"total":15.4915331,"children":{"AgentInfo.ToProto":{"count":999996,"self":2.8437044,"total":12.3243435,"children":{"GenerateSensorData":{"count":999996,"self":8.0859256,"total":9.4806391,"children":{"RayPerceptionSensor.Perceive":{"count":999996,"self":1.3947136999999998,"total":1.3947136999999998,"children":null}}}}}}}}},"DecideAction":{"count":249999,"self":6562.4616959999994,"total":6562.4618139999993,"children":null},"AgentAct":{"count":249999,"self":1.4595164999999999,"total":1.4630326999999999,"children":{"AgentInfo.ToProto":{"count":292,"self":0.0010022,"total":0.0035161999999999997,"children":{"GenerateSensorData":{"count":292,"self":0.0010069999999999999,"total":0.0025139999999999997,"children":{"RayPerceptionSensor.Perceive":{"count":292,"self":0.0015069999999999999,"total":0.0015069999999999999,"children":null}}}}}}}},"gauges":{"CarAI.CumulativeReward":{"count":292,"max":213.399933,"min":-666.3924,"runningAverage":69.35664,"value":199.699951,"weightedAverage":148.82074}},"metadata":{"timer_format_version":"0.1.0","start_time_seconds":"1688830327","unity_version":"2021.3.11f1","command_line_arguments":"D:\\Softwares\\Unity\\2021.3.11f1\\Editor\\Unity.exe -projectpath D:\\Unity Projects\\Xtreme Racing -useHub -hubIPC -cloudEnvironment production -licensingIpc LicenseClient-RG PHOENIX -hubSessionId 745a87a0-160d-11ee-ae39-afbeab678b63 -accessToken GjP2mLwCNc_gBrV0z_bkVZa-3fYXl2jwjJVLckJLgmU00cf","communication_protocol_version":"1.5.0","com.unity.ml-agents_version":"2.0.1","scene_name":"AI Track 2 Updated V3","end_time_seconds":"1688837861"}}