{"count":1,"self":6416.2299904,"total":25232.1853007,"children":{"InitializeActuators":{"count":4,"self":0.0020277999999999997,"total":0.0020277999999999997,"children":null},"InitializeSensors":{"count":4,"self":0.002005,"total":0.002005,"children":null},"AgentSendState":{"count":1449224,"self":306.4693248,"total":440.9080211,"children":{"CollectObservations":{"count":5796896,"self":44.7362752,"total":44.7362756,"children":null},"WriteActionMask":{"count":5796896,"self":5.8405055999999993,"total":5.8405055999999993,"children":null},"RequestDecision":{"count":5796896,"self":17.3844592,"total":83.8619145,"children":{"AgentInfo.ToProto":{"count":5796896,"self":14.8669952,"total":66.4774557,"children":{"GenerateSensorData":{"count":5796896,"self":43.4482368,"total":51.6104603,"children":{"RayPerceptionSensor.Perceive":{"count":5796896,"self":8.162224,"total":8.1622244,"children":null}}}}}}}}},"DecideAction":{"count":1449224,"self":18366.6819072,"total":18366.681558599998,"children":null},"AgentAct":{"count":1449224,"self":8.3419487999999991,"total":8.3616172,"children":{"AgentInfo.ToProto":{"count":1932,"self":0.0010026,"total":0.0196685,"children":{"GenerateSensorData":{"count":1932,"self":0.012627099999999999,"total":0.0186659,"children":{"RayPerceptionSensor.Perceive":{"count":1932,"self":0.0060387999999999996,"total":0.0060387999999999996,"children":null}}}}}}}},"gauges":{"CarAI.CumulativeReward":{"count":1932,"max":88.00068,"min":-657.28656,"runningAverage":-126.609627,"value":-37.7000122,"weightedAverage":-133.025879}},"metadata":{"timer_format_version":"0.1.0","start_time_seconds":"1688527299","unity_version":"2021.3.11f1","command_line_arguments":"D:\\Softwares\\Unity\\2021.3.11f1\\Editor\\Unity.exe -projectpath D:\\Unity Projects\\Xtreme Racing -useHub -hubIPC -cloudEnvironment production -licensingIpc LicenseClient-RG PHOENIX -hubSessionId 745a87a0-160d-11ee-ae39-afbeab678b63 -accessToken 0ZeWyIv2VQIJSPyC8gRrgBWslPIYChIPPpF64eOUa3400cf","communication_protocol_version":"1.5.0","com.unity.ml-agents_version":"2.0.1","scene_name":"AI Track 2 Updated V2","end_time_seconds":"1688552531"}}