{"count":1,"self":1301.6861695999999,"total":9335.7836185,"children":{"InitializeActuators":{"count":11,"self":0.0010026,"total":0.0010026,"children":null},"InitializeSensors":{"count":11,"self":0.0020024,"total":0.0020024,"children":null},"AgentSendState":{"count":762767,"self":382.0347392,"total":1507.0330125,"children":{"CollectObservations":{"count":8390437,"self":1017.5524863999999,"total":1017.5525054999999,"children":null},"WriteActionMask":{"count":8390437,"self":5.4227583999999993,"total":5.4227582,"children":null},"RequestDecision":{"count":8390437,"self":21.7100352,"total":102.0230028,"children":{"AgentInfo.ToProto":{"count":8390437,"self":16.3379328,"total":80.3129671,"children":{"GenerateSensorData":{"count":8390437,"self":51.6378944,"total":63.975034099999995,"children":{"RayPerceptionSensor.Perceive":{"count":8390437,"self":12.337138399999999,"total":12.3371383,"children":null}}}}}}}}},"DecideAction":{"count":762767,"self":6516.6430208,"total":6516.6430113,"children":null},"AgentAct":{"count":762767,"self":10.3837016,"total":10.418440499999999,"children":{"AgentInfo.ToProto":{"count":3102,"self":0.0075301,"total":0.034739099999999995,"children":{"GenerateSensorData":{"count":3102,"self":0.0211786,"total":0.027208999999999997,"children":{"RayPerceptionSensor.Perceive":{"count":3102,"self":0.0060304,"total":0.0060304,"children":null}}}}}}}},"gauges":{"Car AI Hatchback.CumulativeReward":{"count":3102,"max":10.3,"min":-90.09925,"runningAverage":-2.41995478,"value":-2.39999986,"weightedAverage":-4.337355}},"metadata":{"timer_format_version":"0.1.0","start_time_seconds":"1686564735","unity_version":"2021.3.11f1","command_line_arguments":"D:\\Softwares\\Unity\\2021.3.11f1\\Editor\\Unity.exe -projectpath D:\\Unity Projects\\Xtreme Racing -useHub -hubIPC -cloudEnvironment production -licensingIpc LicenseClient-RG PHOENIX -hubSessionId 5d314610-0909-11ee-a6bc-6f5341a30bb1 -accessToken fKGZfgBHJQGE5Yo80QnCxVsCJtzBlanpKlqeiaoWhFo00cf","communication_protocol_version":"1.5.0","com.unity.ml-agents_version":"2.0.1","scene_name":"Car Controller Scene","end_time_seconds":"1686574071"}}