{"count":1,"self":3775.051776,"total":52436.0501874,"children":{"InitializeActuators":{"count":7,"self":0.0010138,"total":0.0010138,"children":null},"InitializeSensors":{"count":7,"self":0.0020046,"total":0.0020046,"children":null},"AgentSendState":{"count":7142901,"self":2541.5073792,"total":3216.3565153,"children":{"CollectObservations":{"count":50000307,"self":131.35293439999998,"total":131.3529342,"children":null},"WriteActionMask":{"count":50000307,"self":28.136476799999997,"total":28.136476299999998,"children":null},"RequestDecision":{"count":50000307,"self":107.35384959999999,"total":515.3597498,"children":{"AgentInfo.ToProto":{"count":50000307,"self":84.3408896,"total":408.0059003,"children":{"GenerateSensorData":{"count":50000307,"self":259.91744,"total":323.665009,"children":{"RayPerceptionSensor.Perceive":{"count":50000307,"self":63.7475648,"total":63.7475666,"children":null}}}}}}}}},"DecideAction":{"count":7142901,"self":45393.8446336,"total":45393.845557,"children":null},"AgentAct":{"count":7142901,"self":50.6857696,"total":50.793431,"children":{"AgentInfo.ToProto":{"count":17241,"self":0.0211941,"total":0.10766239999999999,"children":{"GenerateSensorData":{"count":17241,"self":0.0647055,"total":0.0864683,"children":{"RayPerceptionSensor.Perceive":{"count":17241,"self":0.0217628,"total":0.0217628,"children":null}}}}}}}},"gauges":{"Car AI Hatchback.CumulativeReward":{"count":17241,"max":12,"min":-82.19936,"runningAverage":-0.8636738,"value":-4.09999847,"weightedAverage":-1.66558659}},"metadata":{"timer_format_version":"0.1.0","start_time_seconds":"1686882279","unity_version":"2021.3.11f1","command_line_arguments":"D:\\Softwares\\Unity\\2021.3.11f1\\Editor\\Unity.exe -projectpath D:\\Unity Projects\\Xtreme Racing -useHub -hubIPC -cloudEnvironment production -licensingIpc LicenseClient-RG PHOENIX -hubSessionId aa63add0-0ae2-11ee-921e-13098d354720 -accessToken a1kjrlbbgwzA8yak_y8FO1gsZM6GjzTdEs9BYA53bS400cf","communication_protocol_version":"1.5.0","com.unity.ml-agents_version":"2.0.1","scene_name":"Car Controller Scene","end_time_seconds":"1686934715"}}