{"count":1,"self":186.8725888,"total":196.2284283,"children":{"InitializeActuators":{"count":6,"self":0.0025323999999999998,"total":0.0025323999999999998,"children":null},"InitializeSensors":{"count":6,"self":0.0020052,"total":0.0020052,"children":null},"AgentSendState":{"count":9468,"self":1.6041526,"total":1.9531539999999998,"children":{"CollectObservations":{"count":26902,"self":0.2749351,"total":0.2749351,"children":null},"WriteActionMask":{"count":26902,"self":0.021830099999999998,"total":0.021830099999999998,"children":null},"RequestDecision":{"count":26902,"self":0.052236199999999997,"total":0.052236199999999997,"children":null}}},"DecideAction":{"count":9468,"self":7.3030159999999995,"total":7.3545580999999993,"children":{"RayPerceptionSensor.Perceive":{"count":26902,"self":0.051542199999999996,"total":0.051542199999999996,"children":null}}},"AgentAct":{"count":9468,"self":0.0435882,"total":0.0435882,"children":null}},"gauges":{},"metadata":{"timer_format_version":"0.1.0","start_time_seconds":"1691856934","unity_version":"2021.3.11f1","command_line_arguments":"D:\\Softwares\\Unity\\2021.3.11f1\\Editor\\Unity.exe -projectpath D:\\Unity Projects\\Xtreme Racing -useHub -hubIPC -cloudEnvironment production -licensingIpc LicenseClient-RG PHOENIX -hubSessionId 79819cf0-2c74-11ee-9713-67b008fb9055 -accessToken Gixsf4cAGGASIAXSelDZ8zt9LhTZTmxiFFwGTDjaXJc00cf","communication_protocol_version":"1.5.0","com.unity.ml-agents_version":"2.0.1","scene_name":"Track Selector","end_time_seconds":"1691857130"}}