{
    "name": "root",
    "gauges": {
        "CarAI.Policy.Entropy.mean": {
            "value": 0.4214306175708771,
            "min": 0.409086674451828,
            "max": 0.4896167814731598,
            "count": 13
        },
        "CarAI.Policy.Entropy.sum": {
            "value": 21091.759765625,
            "min": 17896.958984375,
            "max": 24502.3828125,
            "count": 13
        },
        "CarAI.Step.mean": {
            "value": 26499956.0,
            "min": 25899956.0,
            "max": 26499956.0,
            "count": 13
        },
        "CarAI.Step.sum": {
            "value": 26499956.0,
            "min": 25899956.0,
            "max": 26499956.0,
            "count": 13
        },
        "CarAI.Policy.ExtrinsicValueEstimate.mean": {
            "value": 0.5631921291351318,
            "min": 0.5631921291351318,
            "max": 1.5012508630752563,
            "count": 13
        },
        "CarAI.Policy.ExtrinsicValueEstimate.sum": {
            "value": 445.4849548339844,
            "min": 445.4849548339844,
            "max": 1188.99072265625,
            "count": 13
        },
        "CarAI.Policy.GailValueEstimate.mean": {
            "value": 25.349790573120117,
            "min": 25.349790573120117,
            "max": 31.665409088134766,
            "count": 13
        },
        "CarAI.Policy.GailValueEstimate.sum": {
            "value": 20051.68359375,
            "min": 18869.84765625,
            "max": 25079.00390625,
            "count": 13
        },
        "CarAI.Environment.EpisodeLength.mean": {
            "value": 2399.0,
            "min": 2399.0,
            "max": 2399.0,
            "count": 13
        },
        "CarAI.Environment.EpisodeLength.sum": {
            "value": 47980.0,
            "min": 38384.0,
            "max": 57576.0,
            "count": 13
        },
        "CarAI.Environment.CumulativeReward.mean": {
            "value": 27.774997590482236,
            "min": 11.749995976686478,
            "max": 82.3149993211031,
            "count": 13
        },
        "CarAI.Environment.CumulativeReward.sum": {
            "value": 555.4999518096447,
            "min": 281.99990344047546,
            "max": 1646.299986422062,
            "count": 13
        },
        "CarAI.Policy.ExtrinsicReward.mean": {
            "value": 13.887498795241118,
            "min": 5.874997988343239,
            "max": 41.15749966055155,
            "count": 13
        },
        "CarAI.Policy.ExtrinsicReward.sum": {
            "value": 277.74997590482235,
            "min": 140.99995172023773,
            "max": 823.149993211031,
            "count": 13
        },
        "CarAI.Policy.GailReward.mean": {
            "value": 620.0755587635354,
            "min": 620.0755587635354,
            "max": 756.2915044626468,
            "count": 13
        },
        "CarAI.Policy.GailReward.sum": {
            "value": 12401.511175270707,
            "min": 11216.395308814674,
            "max": 16310.66789891721,
            "count": 13
        },
        "CarAI.Losses.PolicyLoss.mean": {
            "value": 0.050758357595962776,
            "min": 0.04691677028194024,
            "max": 0.05151719097436096,
            "count": 13
        },
        "CarAI.Losses.PolicyLoss.sum": {
            "value": 0.2537917879798139,
            "min": 0.1533849920378998,
            "max": 0.2575859548718048,
            "count": 13
        },
        "CarAI.Losses.ValueLoss.mean": {
            "value": 6.3705903784434,
            "min": 4.653421678940455,
            "max": 7.166004667679469,
            "count": 13
        },
        "CarAI.Losses.ValueLoss.sum": {
            "value": 31.852951892217,
            "min": 18.854837733507157,
            "max": 35.830023338397346,
            "count": 13
        },
        "CarAI.Policy.LearningRate.mean": {
            "value": 4.705309747432e-06,
            "min": 4.705309747432e-06,
            "max": 4.823606164456e-06,
            "count": 13
        },
        "CarAI.Policy.LearningRate.sum": {
            "value": 2.352654873716e-05,
            "min": 1.4470818493368e-05,
            "max": 2.4076559237000002e-05,
            "count": 13
        },
        "CarAI.Policy.Epsilon.mean": {
            "value": 0.14705256799999997,
            "min": 0.14705256799999997,
            "max": 0.14823554400000002,
            "count": 13
        },
        "CarAI.Policy.Epsilon.sum": {
            "value": 0.7352628399999999,
            "min": 0.44470663200000005,
            "max": 0.740763,
            "count": 13
        },
        "CarAI.Policy.Beta.mean": {
            "value": 0.00024055758320000003,
            "min": 0.00024055758320000003,
            "max": 0.0002463541656,
            "count": 13
        },
        "CarAI.Policy.Beta.sum": {
            "value": 0.0012027879160000001,
            "min": 0.0007390624968,
            "max": 0.0012297387,
            "count": 13
        },
        "CarAI.Policy.GAILPolicyEstimate.mean": {
            "value": 0.3287500493476788,
            "min": 0.3287500493476788,
            "max": 0.40990499150421883,
            "count": 13
        },
        "CarAI.Policy.GAILPolicyEstimate.sum": {
            "value": 1.643750246738394,
            "min": 1.2297149745126565,
            "max": 1.897975622365872,
            "count": 13
        },
        "CarAI.Policy.GAILExpertEstimate.mean": {
            "value": 0.67883228768905,
            "min": 0.6103754051857524,
            "max": 0.67883228768905,
            "count": 13
        },
        "CarAI.Policy.GAILExpertEstimate.sum": {
            "value": 3.3941614384452503,
            "min": 1.8311262155572572,
            "max": 3.3941614384452503,
            "count": 13
        },
        "CarAI.Losses.GAILLoss.mean": {
            "value": 0.9255080816149711,
            "min": 0.9255080816149711,
            "max": 1.1173663650949797,
            "count": 13
        },
        "CarAI.Losses.GAILLoss.sum": {
            "value": 4.6275404080748554,
            "min": 3.352099095284939,
            "max": 5.287319003542264,
            "count": 13
        },
        "CarAI.Policy.GAILGradMagLoss.mean": {
            "value": 0.011859020068853473,
            "min": 0.009877006372747323,
            "max": 0.014771623308382307,
            "count": 13
        },
        "CarAI.Policy.GAILGradMagLoss.sum": {
            "value": 0.05929510034426737,
            "min": 0.03492772478105811,
            "max": 0.07385811654191153,
            "count": 13
        },
        "CarAI.Losses.PretrainingLoss.mean": {
            "value": 0.24947979837976475,
            "min": 0.24947979837976475,
            "max": 0.2503994757058088,
            "count": 13
        },
        "CarAI.Losses.PretrainingLoss.sum": {
            "value": 1.2473989918988238,
            "min": 0.7511984271174263,
            "max": 1.2510186994588501,
            "count": 13
        },
        "CarAI.IsTraining.mean": {
            "value": 1.0,
            "min": 1.0,
            "max": 1.0,
            "count": 13
        },
        "CarAI.IsTraining.sum": {
            "value": 1.0,
            "min": 1.0,
            "max": 1.0,
            "count": 13
        }
    },
    "metadata": {
        "timer_format_version": "0.1.0",
        "start_time_seconds": "1687902678",
        "python_version": "3.9.13 (tags/v3.9.13:6de2ca5, May 17 2022, 16:36:42) [MSC v.1929 64 bit (AMD64)]",
        "command_line_arguments": "D:\\Unity Projects\\Xtreme Racing\\venv3\\Scripts\\mlagents-learn CarAI.yaml --run-id=CAR_AI_TRAINING_SIMPLE_OVAL_TRACK_1 --time-scale=1 --resume",
        "mlagents_version": "0.30.0",
        "mlagents_envs_version": "0.30.0",
        "communication_protocol_version": "1.5.0",
        "pytorch_version": "1.7.1+cu110",
        "numpy_version": "1.21.2",
        "end_time_seconds": "1687904583"
    },
    "total": 1905.3614934,
    "count": 1,