{
    "name": "root",
    "gauges": {
        "CarAI.Policy.Entropy.mean": {
            "value": 0.40262481570243835,
            "min": 0.2939166724681854,
            "max": 0.4386540949344635,
            "count": 118
        },
        "CarAI.Policy.Entropy.sum": {
            "value": 19736.66796875,
            "min": 14624.1181640625,
            "max": 22025.69921875,
            "count": 118
        },
        "CarAI.Step.mean": {
            "value": 24999936.0,
            "min": 19149952.0,
            "max": 24999936.0,
            "count": 118
        },
        "CarAI.Step.sum": {
            "value": 24999936.0,
            "min": 19149952.0,
            "max": 24999936.0,
            "count": 118
        },
        "CarAI.Policy.ExtrinsicValueEstimate.mean": {
            "value": -0.23665805160999298,
            "min": -2.4627881050109863,
            "max": 0.2604120671749115,
            "count": 118
        },
        "CarAI.Policy.ExtrinsicValueEstimate.sum": {
            "value": -187.19651794433594,
            "min": -1948.0654296875,
            "max": 205.98594665527344,
            "count": 118
        },
        "CarAI.Policy.GailValueEstimate.mean": {
            "value": 28.042652130126953,
            "min": 18.55977439880371,
            "max": 32.6757926940918,
            "count": 118
        },
        "CarAI.Policy.GailValueEstimate.sum": {
            "value": 22181.73828125,
            "min": 14699.341796875,
            "max": 25846.552734375,
            "count": 118
        },
        "CarAI.Environment.EpisodeLength.mean": {
            "value": 2399.0,
            "min": 2399.0,
            "max": 2399.0,
            "count": 118
        },
        "CarAI.Environment.EpisodeLength.sum": {
            "value": 47980.0,
            "min": 38384.0,
            "max": 57576.0,
            "count": 118
        },
        "CarAI.Environment.CumulativeReward.mean": {
            "value": -17.160002705454826,
            "min": -179.91501324549318,
            "max": 26.059996231645346,
            "count": 118
        },
        "CarAI.Environment.CumulativeReward.sum": {
            "value": -343.2000541090965,
            "min": -3598.3002649098635,
            "max": 521.1999246329069,
            "count": 118
        },
        "CarAI.Policy.ExtrinsicReward.mean": {
            "value": -8.580001352727413,
            "min": -89.95750662274659,
            "max": 13.029998115822673,
            "count": 118
        },
        "CarAI.Policy.ExtrinsicReward.sum": {
            "value": -171.60002705454826,
            "min": -1799.1501324549317,
            "max": 260.59996231645346,
            "count": 118
        },
        "CarAI.Policy.GailReward.mean": {
            "value": 688.5268169961427,
            "min": 457.91427380984413,
            "max": 798.2941325258041,
            "count": 118
        },
        "CarAI.Policy.GailReward.sum": {
            "value": 13770.536339922854,
            "min": 9158.285476196883,
            "max": 17842.62635626149,
            "count": 118
        },
        "CarAI.Losses.PolicyLoss.mean": {
            "value": 0.04893548124333999,
            "min": 0.04491264597357561,
            "max": 0.05287147935258406,
            "count": 118
        },
        "CarAI.Losses.PolicyLoss.sum": {
            "value": 0.19574192497335996,
            "min": 0.17965058389430244,
            "max": 0.2643573967629203,
            "count": 118
        },
        "CarAI.Losses.ValueLoss.mean": {
            "value": 7.473504504561424,
            "min": 6.312698207831964,
            "max": 10.894774324913335,
            "count": 118
        },
        "CarAI.Losses.ValueLoss.sum": {
            "value": 29.894018018245696,
            "min": 25.63031869530678,
            "max": 54.47387162456668,
            "count": 118
        },
        "CarAI.Policy.LearningRate.mean": {
            "value": 9.930301695999906e-09,
            "min": 9.930301695999906e-09,
            "max": 2.3470845299200002e-06,
            "count": 118
        },
        "CarAI.Policy.LearningRate.sum": {
            "value": 3.972120678399962e-08,
            "min": 3.972120678399962e-08,
            "max": 1.164211158272e-05,
            "count": 118
        },
        "CarAI.Policy.Epsilon.mean": {
            "value": 0.100098304,
            "min": 0.100098304,
            "max": 0.12347008,
            "count": 118
        },
        "CarAI.Policy.Epsilon.sum": {
            "value": 0.400393216,
            "min": 0.400393216,
            "max": 0.61641728,
            "count": 118
        },
        "CarAI.Policy.Beta.mean": {
            "value": 1.0481689599999994e-05,
            "min": 1.0481689599999994e-05,
            "max": 0.000125003392,
            "count": 118
        },
        "CarAI.Policy.Beta.sum": {
            "value": 4.192675839999998e-05,
            "min": 4.192675839999998e-05,
            "max": 0.0006204446719999999,
            "count": 118
        },
        "CarAI.Policy.GAILPolicyEstimate.mean": {
            "value": 0.33644943532223504,
            "min": 0.21989887178727857,
            "max": 0.350725150333672,
            "count": 118
        },
        "CarAI.Policy.GAILPolicyEstimate.sum": {
            "value": 1.3457977412889401,
            "min": 0.8795954871491143,
            "max": 1.75362575166836,
            "count": 118
        },
        "CarAI.Policy.GAILExpertEstimate.mean": {
            "value": 0.6670587038000425,
            "min": 0.6563329624911634,
            "max": 0.7759196939991742,
            "count": 118
        },
        "CarAI.Policy.GAILExpertEstimate.sum": {
            "value": 2.66823481520017,
            "min": 2.6586350654562314,
            "max": 3.8195087477564806,
            "count": 118
        },
        "CarAI.Losses.GAILLoss.mean": {
            "value": 0.9560872187217075,
            "min": 0.6540190672411061,
            "max": 0.9892641537485083,
            "count": 118
        },
        "CarAI.Losses.GAILLoss.sum": {
            "value": 3.82434887488683,
            "min": 2.6160762689644246,
            "max": 4.946320768742542,
            "count": 118
        },
        "CarAI.Policy.GAILGradMagLoss.mean": {
            "value": 0.007821531940135174,
            "min": 0.00596089146832431,
            "max": 0.011918321134708539,
            "count": 118
        },
        "CarAI.Policy.GAILGradMagLoss.sum": {
            "value": 0.0312861277605407,
            "min": 0.02384356587329724,
            "max": 0.05573501083817677,
            "count": 118
        },
        "CarAI.Losses.PretrainingLoss.mean": {
            "value": 0.2527935398629062,
            "min": 0.2527935398629062,
            "max": 0.2585825200683327,
            "count": 118
        },
        "CarAI.Losses.PretrainingLoss.sum": {
            "value": 1.0111741594516248,
            "min": 1.0111741594516248,
            "max": 1.2922715111552172,
            "count": 118
        },
        "CarAI.IsTraining.mean": {
            "value": 1.0,
            "min": 1.0,
            "max": 1.0,
            "count": 118
        },
        "CarAI.IsTraining.sum": {
            "value": 1.0,
            "min": 1.0,
            "max": 1.0,
            "count": 118
        }
    },
    "metadata": {
        "timer_format_version": "0.1.0",
        "start_time_seconds": "1687811620",
        "python_version": "3.9.13 (tags/v3.9.13:6de2ca5, May 17 2022, 16:36:42) [MSC v.1929 64 bit (AMD64)]",
        "command_line_arguments": "D:\\Unity Projects\\Xtreme Racing\\venv3\\Scripts\\mlagents-learn CarAI.yaml --run-id=CAR_AI_TRAINING_SIMPLE_OVAL_TRACK_4 --time-scale=1 --resume",
        "mlagents_version": "0.30.0",
        "mlagents_envs_version": "0.30.0",
        "communication_protocol_version": "1.5.0",
        "pytorch_version": "1.7.1+cu110",
        "numpy_version": "1.21.2",
        "end_time_seconds": "1687831456"
    },